distinct_1gram,distinct_2gram,distinct_3gram,self_bleu,kl_divergence,vocab_coverage,rare_token_survival,repetition_rate,mean_length,length_std,perplexity,domain,model,mixing_ratio,generation,track
0.1034005410431989,0.6469266561849318,0.921875,0.0006458324600058,0.1432292959255029,0.6225531319910514,0.5633768550806909,0.0,189.264,14.964434636831422,-1.0,wikipedia,gpt2,1.0,0,wikipedia_gpt2_100pct
0.0898382413936126,0.6129612257661038,0.901985540653814,0.0015108649205234,0.1804280234810162,0.5618708053691275,0.4942016057091882,0.0,192.88,14.736336043942536,-1.0,wikipedia,gpt2,1.0,1,wikipedia_gpt2_100pct
0.0797016656661138,0.5811268268237556,0.878689131261629,0.0023153928299276,0.2075599469537256,0.5257270693512305,0.4540588760035682,0.0,196.558,13.069836877329418,-1.0,wikipedia,gpt2,1.0,2,wikipedia_gpt2_100pct
0.0716736905478627,0.5475191609519968,0.8499493209000608,0.0050198715622162,0.2260773169865479,0.5025866890380313,0.4291622739437191,0.0,199.32,11.642319356554346,-1.0,wikipedia,gpt2,1.0,3,wikipedia_gpt2_100pct
0.0661275376969084,0.5162170641461702,0.8214226728793286,0.0072395179774265,0.2461641798191298,0.4807746085011186,0.4046711540021085,0.0,201.807,9.771374058954043,-1.0,wikipedia,gpt2,1.0,4,wikipedia_gpt2_100pct
0.0617559560396331,0.4874163022261755,0.7945720457875003,0.0078243887465226,0.2633608413706066,0.4657438478747203,0.3891006406617468,0.0,203.365,8.484560978624646,-1.0,wikipedia,gpt2,1.0,5,wikipedia_gpt2_100pct
0.0581218199751945,0.4582470533970578,0.7650620827046165,0.0104692664332478,0.2810158602408206,0.4497343400447427,0.3736923201686805,0.0,204.794,7.722277125304426,-1.0,wikipedia,gpt2,1.0,6,wikipedia_gpt2_100pct
0.0542958904642811,0.4312054448910141,0.7369326166212989,0.0107252261610331,0.2985715943672103,0.4359619686800894,0.3599870245722164,0.0,205.522,6.887925377063836,-1.0,wikipedia,gpt2,1.0,7,wikipedia_gpt2_100pct
0.0520258184928843,0.4074942367053491,0.7080061253337522,0.0163480603813861,0.3117128243709594,0.4229586129753915,0.3470115967885816,0.0,205.744,6.452322372603527,-1.0,wikipedia,gpt2,1.0,8,wikipedia_gpt2_100pct
0.0496319336946869,0.381315310834467,0.676411354537748,0.0174997567630763,0.3252181439994439,0.4091163310961969,0.332576433379288,0.0,206.077,6.107296537748925,-1.0,wikipedia,gpt2,1.0,9,wikipedia_gpt2_100pct
0.0472000853159599,0.3564142781988582,0.6433095764885556,0.020064458422525,0.3392903778886979,0.3956236017897092,0.3200875841375395,0.0,206.292,5.752976273199812,-1.0,wikipedia,gpt2,1.0,10,wikipedia_gpt2_100pct
0.106643812646719,0.6481250568610557,0.9216018594741174,0.0011302391797148,0.1429833276130344,0.6233920581655481,0.5642689157408158,0.0,187.859,17.177750696758874,-1.0,wikipedia,gpt2,0.75,0,wikipedia_gpt2_75pct
0.09248923699362,0.6156160383753063,0.9004559987420724,0.0014895206799634,0.1768397975959064,0.5704697986577181,0.5042575622415052,0.0,192.79,16.04206657510185,-1.0,wikipedia,gpt2,0.75,1,wikipedia_gpt2_75pct
0.0830101682494122,0.5866420452801621,0.8790502534782564,0.0026816135984225,0.2018825738723855,0.542086129753915,0.4725488605952477,0.0,196.494,15.082240019307475,-1.0,wikipedia,gpt2,0.75,2,wikipedia_gpt2_75pct
0.0768250509734937,0.5584418193506911,0.8537333925614828,0.006473579967689,0.2203500229866702,0.5291526845637584,0.4579515043386586,0.0,200.104,12.314917133298136,-1.0,wikipedia,gpt2,0.75,3,wikipedia_gpt2_75pct
0.0704586721402068,0.5300735848308143,0.8284962525912932,0.0085381427612513,0.240458511708124,0.510836129753915,0.4380828805449679,0.0,202.672,10.309433350092526,-1.0,wikipedia,gpt2,0.75,4,wikipedia_gpt2_75pct
0.0662473732791295,0.5013321754919181,0.8025694678593387,0.0109828016526432,0.2580260304777723,0.4994407158836689,0.4265671883869921,0.0,203.676,9.166734642172209,-1.0,wikipedia,gpt2,0.75,5,wikipedia_gpt2_75pct
0.061970880386566,0.4756446991404011,0.7795443208028963,0.0122238913296334,0.2755879629342009,0.4879753914988814,0.4123753142486416,0.0,204.467,8.229757651352802,-1.0,wikipedia,gpt2,0.75,6,wikipedia_gpt2_75pct
0.0590195867307485,0.4458396041746589,0.7511046747264262,0.0148194399682419,0.2963649075269019,0.477418903803132,0.4017516827507907,0.0,204.322,6.698083009339315,-1.0,wikipedia,gpt2,0.75,7,wikipedia_gpt2_75pct
0.0554990613266583,0.4098671540305781,0.7102061774231772,0.0187019734753706,0.3167617814231933,0.4635766219239373,0.3860189765631335,0.0,204.544,6.498620161234229,-1.0,wikipedia,gpt2,0.75,8,wikipedia_gpt2_75pct
0.0533491839849712,0.3810223786675057,0.6717521046598949,0.0192803765025999,0.3342935330111634,0.4467980984340045,0.3673667991241586,0.0,204.408,8.259269701371906,-1.0,wikipedia,gpt2,0.75,9,wikipedia_gpt2_75pct
0.0509384951791139,0.352010342979899,0.6322651082139875,0.02338543230284,0.3488030198559776,0.4348434004474273,0.3551212391533533,0.0,204.423,6.020969274128544,-1.0,wikipedia,gpt2,0.75,10,wikipedia_gpt2_75pct
0.1048242938602307,0.6474976669777363,0.92345798150382,0.0009021386216128,0.1470932765683019,0.6203859060402684,0.5610250587949072,0.002,188.525,16.235743746437983,-1.0,wikipedia,gpt2,0.5,0,wikipedia_gpt2_50pct
0.0888471339219067,0.6228920338412978,0.9104262567943616,0.001285070730645,0.1799893424545143,0.5769015659955258,0.511475143946152,0.0,194.255,13.497924840507892,-1.0,wikipedia,gpt2,0.5,1,wikipedia_gpt2_50pct
0.0809262293423953,0.6000315123914856,0.896085783762797,0.0021278012266634,0.2019363752647899,0.5568372483221476,0.4886870489011434,0.0,197.748,11.528334485085,-1.0,wikipedia,gpt2,0.5,2,wikipedia_gpt2_50pct
0.0740321067028732,0.5706860915457629,0.869763830345078,0.0045456818346767,0.2228162339378775,0.5406180089485458,0.4706025464277025,0.001,200.332,10.641605893848917,-1.0,wikipedia,gpt2,0.5,3,wikipedia_gpt2_50pct
0.068316238308575,0.5333616365862328,0.8355939434830926,0.0083970302938857,0.2400790400482548,0.52873322147651,0.4571405401021814,0.0,203.568,8.645193809279235,-1.0,wikipedia,gpt2,0.5,4,wikipedia_gpt2_50pct
0.0642822784010572,0.497068028572684,0.8012521404634686,0.0128140418101108,0.2634429934836205,0.5204837807606264,0.447814451382694,0.0,205.811,8.024791523771817,-1.0,wikipedia,gpt2,0.5,5,wikipedia_gpt2_50pct
0.0607122487844016,0.4599891206154623,0.7640633693519576,0.0169333148830458,0.2834371071551455,0.5057326621923938,0.4316762630767983,0.0,206.894,6.876246359751809,-1.0,wikipedia,gpt2,0.5,6,wikipedia_gpt2_50pct
0.0588144645153212,0.429671962178144,0.725338312594516,0.0244857177204411,0.2985427835921403,0.4999300894854586,0.4254318384559241,0.0,207.653,6.8917770567539405,-1.0,wikipedia,gpt2,0.5,7,wikipedia_gpt2_50pct
0.0557647420442429,0.3984817628152537,0.6866895555102951,0.0282625040297899,0.3141491776477992,0.4896532438478747,0.4134295677560619,0.0,208.214,6.053280432955341,-1.0,wikipedia,gpt2,0.5,8,wikipedia_gpt2_50pct
0.0527177802433202,0.3634020742942911,0.641576504706527,0.0303510235121566,0.3309816965944713,0.4718959731543624,0.3940475225042575,0.0,208.203,6.516424709915706,-1.0,wikipedia,gpt2,0.5,9,wikipedia_gpt2_50pct
0.0506712571164794,0.3378879826833134,0.6018750485512313,0.0367597788424577,0.3391588605824885,0.4628775167785235,0.3830995053118157,0.0,207.968,5.952224458133279,-1.0,wikipedia,gpt2,0.5,10,wikipedia_gpt2_50pct
0.1071240694393521,0.64758297585914,0.9202010816733176,0.0009181885878545,0.1428578615097297,0.6262583892617449,0.5683237369232017,0.0,188.193,16.601137039371732,-1.0,wikipedia,gpt2,0.25,0,wikipedia_gpt2_25pct
0.091585821948379,0.6277246920137581,0.9072262739670642,0.0024976242514863,0.1740394812657347,0.5917225950782998,0.528099910793934,0.0,194.921,14.086190365034826,-1.0,wikipedia,gpt2,0.25,1,wikipedia_gpt2_25pct
0.0835814568466949,0.6029956277833571,0.887756558622307,0.0028340080332639,0.195176896967963,0.5738255033557047,0.5081501905765956,0.0,198.154,12.932373486719287,-1.0,wikipedia,gpt2,0.25,2,wikipedia_gpt2_25pct
0.0783176717814519,0.5829166002550207,0.8669706859957551,0.0051387790424218,0.2137089122057502,0.567184004474273,0.5002838374827671,0.0,201.768,10.903585465341203,-1.0,wikipedia,gpt2,0.25,3,wikipedia_gpt2_25pct
0.0732735588683703,0.5543699412283424,0.8455856507037512,0.0064080102359518,0.2313876461479679,0.560682326621924,0.4937961235909496,0.0,203.989,9.648361467109323,-1.0,wikipedia,gpt2,0.25,4,wikipedia_gpt2_25pct
0.0694523583412472,0.5217461521521032,0.81632281702609,0.0094272830157844,0.2480828896936797,0.5499161073825504,0.4804152136890763,0.0,205.335,8.705904605496203,-1.0,wikipedia,gpt2,0.25,5,wikipedia_gpt2_25pct
0.0672576538684347,0.4941468258821342,0.7902899925768979,0.0119629531494545,0.2656917277683264,0.5349552572706935,0.4636282539939989,0.001,205.419,9.89026991542698,-1.0,wikipedia,gpt2,0.25,6,wikipedia_gpt2_25pct
0.0648137363384,0.4616341220763513,0.7546801795620725,0.0177765118204216,0.2792928887342138,0.5234200223713646,0.4502473440921255,0.0,206.052,9.662157937024212,-1.0,wikipedia,gpt2,0.25,7,wikipedia_gpt2_25pct
0.0618763539087071,0.4283675924167385,0.7165311944878076,0.0175670927449123,0.2953125814623354,0.514821029082774,0.4411645446435812,0.0,206.347,9.06601296050254,-1.0,wikipedia,gpt2,0.25,8,wikipedia_gpt2_25pct
0.0602508310960776,0.3984095756595927,0.6813079264413714,0.0220586592816888,0.3059403498121086,0.5095078299776287,0.4354066985645933,0.0,206.354,9.50540288467564,-1.0,wikipedia,gpt2,0.25,9,wikipedia_gpt2_25pct
0.0589270137376159,0.3743137955857651,0.6499461130003001,0.0204735065475045,0.3146170500537097,0.5013982102908278,0.4261617062687535,0.0,205.203,8.555804520908598,-1.0,wikipedia,gpt2,0.25,10,wikipedia_gpt2_25pct
0.101495423352985,0.6091097330361199,0.894628121116858,0.002311005495513,0.1429299486661231,0.5969658836689038,0.5340199497202174,0.0,190.314,17.0531347264953,-1.0,wikipedia,distilgpt2,1.0,0,wikipedia_distilgpt2_100pct
0.0808446902700105,0.5509705994183597,0.8592721901436821,0.0039906922626909,0.1836025822695753,0.5211828859060402,0.4484632227718758,0.0,195.622,15.419309841883326,-1.0,wikipedia,distilgpt2,1.0,1,wikipedia_distilgpt2_100pct
0.0690469001610306,0.5083957111066154,0.8265758438389589,0.0080644702263692,0.211071170103557,0.4784675615212528,0.4014272970561998,0.0,198.72,16.222626174574817,-1.0,wikipedia,distilgpt2,1.0,2,wikipedia_distilgpt2_100pct
0.0616501984629676,0.4698073361058827,0.7935192200585056,0.0109368325949497,0.2299092761438989,0.4463786353467561,0.3680155705133404,0.0,201.297,12.65032770326524,-1.0,wikipedia,distilgpt2,1.0,3,wikipedia_distilgpt2_100pct
0.055821818485693,0.4361344247232417,0.7576961073905467,0.0149798338533814,0.2454848515396521,0.4244267337807606,0.3443354148082069,0.0,203.433,12.420849850151155,-1.0,wikipedia,distilgpt2,1.0,4,wikipedia_distilgpt2_100pct
0.0519478614593315,0.4067370241534501,0.7226660478344162,0.0185472297654164,0.2582570054889958,0.4045022371364653,0.3247911767091071,0.0,204.532,10.199361548646072,-1.0,wikipedia,distilgpt2,1.0,5,wikipedia_distilgpt2_100pct
0.0485493220743889,0.3828162127469857,0.6931382347583341,0.0218755143937714,0.2704376649989742,0.3897511185682326,0.3097072419106317,0.0,205.111,11.11200607451238,-1.0,wikipedia,distilgpt2,1.0,6,wikipedia_distilgpt2_100pct
0.0463234431804855,0.359384820867379,0.6611908333662311,0.0262291222596957,0.2807891871950705,0.3748601789709172,0.296164139161463,0.0,204.648,13.027052467845518,-1.0,wikipedia,distilgpt2,1.0,7,wikipedia_distilgpt2_100pct
0.0444889426348695,0.3338253309914245,0.6238028607733878,0.0280589219142034,0.2929305771124508,0.3615771812080537,0.2821344578704079,0.0,204.253,13.455147379348915,-1.0,wikipedia,distilgpt2,1.0,8,wikipedia_distilgpt2_100pct
0.0419007984609873,0.3064551924129666,0.582206208150986,0.0310765937574927,0.3050691647869407,0.3482242729306488,0.2702943800178412,0.0,203.767,15.93332077754038,-1.0,wikipedia,distilgpt2,1.0,9,wikipedia_distilgpt2_100pct
0.0396241511201311,0.2810771855512413,0.542502561879237,0.039101102184784,0.3158018038195374,0.338157158836689,0.2604006163328197,0.0,204.976,13.986544390949469,-1.0,wikipedia,distilgpt2,1.0,10,wikipedia_distilgpt2_100pct
0.1051850595667104,0.6132469525189669,0.8951289797317564,0.0019882541322111,0.1398638282321083,0.5985039149888143,0.5353985889222286,0.0,188.696,17.749467146931483,-1.0,wikipedia,distilgpt2,0.75,0,wikipedia_distilgpt2_75pct
0.0849313511195167,0.5610764539972263,0.8640253549219146,0.0049342104830676,0.1771062196123522,0.5277544742729307,0.4549509366636931,0.0,193.521,18.714955490195536,-1.0,wikipedia,distilgpt2,0.75,1,wikipedia_distilgpt2_75pct
0.0745122162008276,0.5171992682901904,0.8284952697913778,0.0067321966552028,0.2001620994555313,0.4911213646532438,0.4144027248398346,0.0,196.706,19.73863125953773,-1.0,wikipedia,distilgpt2,0.75,2,wikipedia_distilgpt2_75pct
0.0658252932463269,0.4799881306831898,0.7975504468437866,0.0110942375871724,0.2196878248029665,0.4672818791946309,0.3882085800016219,0.0,199.832,17.66606283244798,-1.0,wikipedia,distilgpt2,0.75,3,wikipedia_distilgpt2_75pct
0.0605703651643685,0.4482954149796564,0.76379432730472,0.014527270655884,0.2341297888745742,0.4516219239373601,0.3719892952720785,0.0,202.046,14.910864629524337,-1.0,wikipedia,distilgpt2,0.75,4,wikipedia_distilgpt2_75pct
0.0586423403710055,0.4233611347742536,0.7379994823501304,0.0198015055027291,0.2457669361066167,0.439667225950783,0.3590949639120915,0.001,202.908,14.231357489712638,-1.0,wikipedia,distilgpt2,0.75,5,wikipedia_distilgpt2_75pct
0.0559737778721177,0.4003680975508119,0.710530120602063,0.0230117964274644,0.2552250423494114,0.430998322147651,0.3498499716162517,0.0,202.577,14.027618151347006,-1.0,wikipedia,distilgpt2,0.75,6,wikipedia_distilgpt2_75pct
0.0519563665016867,0.3708594194649972,0.6771132277237571,0.0234539748414826,0.2708327532786643,0.4172259507829978,0.335414808206958,0.0,203.055,13.4343580047578,-1.0,wikipedia,distilgpt2,0.75,7,wikipedia_distilgpt2_75pct
0.0510491033854501,0.3548178443840742,0.6537938414457302,0.0211703524801546,0.2798070343507052,0.4107242729306488,0.3280350336550158,0.0,201.982,14.334213476853202,-1.0,wikipedia,distilgpt2,0.75,8,wikipedia_distilgpt2_75pct
0.0486789194523251,0.332951530928474,0.6248511274448736,0.0221405870503724,0.2896702807934647,0.4076482102908277,0.3238180196253345,0.0,202.675,10.997516765161125,-1.0,wikipedia,distilgpt2,0.75,9,wikipedia_distilgpt2_75pct
0.0460996422235656,0.3113564605930219,0.5927468193511577,0.0277670748192174,0.3016883059221343,0.389821029082774,0.3050036493390641,0.0,201.802,12.288807753399023,-1.0,wikipedia,distilgpt2,0.75,10,wikipedia_distilgpt2_75pct
0.1031199416002793,0.6094010912455728,0.8950770415200864,0.0022268982533854,0.1425496935980258,0.5931907158836689,0.5299651285378315,0.0,189.042,18.47718149502245,-1.0,wikipedia,distilgpt2,0.5,0,wikipedia_distilgpt2_50pct
0.0857780826014985,0.5643249239318056,0.8639999166314956,0.0046930831154132,0.175296297756603,0.5350950782997763,0.4630605790284648,0.0,193.919,17.947881184139813,-1.0,wikipedia,distilgpt2,0.5,1,wikipedia_distilgpt2_50pct
0.074016888544658,0.524078389348592,0.8339252056311696,0.0080401509297044,0.1989822164649481,0.5020973154362416,0.4271348633525261,0.0,198.833,16.545546560932948,-1.0,wikipedia,distilgpt2,0.5,2,wikipedia_distilgpt2_50pct
0.0645563530324303,0.4807792874128013,0.7941724756814643,0.0160372348957728,0.2202405061715238,0.4844099552572707,0.4058876003568242,0.0,203.698,13.93028341420231,-1.0,wikipedia,distilgpt2,0.5,3,wikipedia_distilgpt2_50pct
0.0604330957497496,0.4490722193451305,0.76186899185986,0.0222623593235584,0.2351250726806326,0.4725950782997762,0.3943719081988484,0.0,205.682,12.67978217478518,-1.0,wikipedia,distilgpt2,0.5,4,wikipedia_distilgpt2_50pct
0.0560775655921043,0.4182447487609163,0.7302767330572344,0.0308111522235831,0.2497023964962948,0.4601510067114094,0.3796123590949639,0.0,206.999,10.17010319514999,-1.0,wikipedia,distilgpt2,0.5,5,wikipedia_distilgpt2_50pct
0.0526587980550802,0.3875511175436381,0.6938427900711573,0.0321820191805368,0.2641723582706053,0.4524608501118568,0.3711783310356013,0.0,206.898,10.841844676991087,-1.0,wikipedia,distilgpt2,0.5,6,wikipedia_distilgpt2_50pct
0.0495028559339961,0.3553104527798713,0.6515476629706585,0.039350482943327,0.2800472357594199,0.4358920581655481,0.3539858892222853,0.0,207.988,8.985535932820033,-1.0,wikipedia,distilgpt2,0.5,7,wikipedia_distilgpt2_50pct
0.0488184874517048,0.3349570325563811,0.6182915365845343,0.0424700994860305,0.2887495155689892,0.4300195749440716,0.3464439218230476,0.0,207.319,7.220473599425456,-1.0,wikipedia,distilgpt2,0.5,8,wikipedia_distilgpt2_50pct
0.0479103942999312,0.3175627693415177,0.5870651143239782,0.0470756554954351,0.2947863089698806,0.4251258389261745,0.3401184007785257,0.0,206.594,7.8141643187227645,-1.0,wikipedia,distilgpt2,0.5,9,wikipedia_distilgpt2_50pct
0.047161912179924,0.3016877017904315,0.5554124471536722,0.0537919804852286,0.3023022520584392,0.4193232662192394,0.33427945827589,0.0,205.42,9.840304873325826,-1.0,wikipedia,distilgpt2,0.5,10,wikipedia_distilgpt2_50pct
0.1079410163048701,0.6183644112374266,0.8977205271281016,0.0025788517214453,0.1403618684041854,0.598084451901566,0.5350742032276377,0.0,187.306,19.829633481232072,-1.0,wikipedia,distilgpt2,0.25,0,wikipedia_distilgpt2_25pct
0.0899744668459014,0.5795168819491999,0.8735043274005644,0.0037889311413028,0.1698521804195628,0.5486577181208053,0.4783878030978833,0.0,192.299,19.50511725163425,-1.0,wikipedia,distilgpt2,0.25,1,wikipedia_distilgpt2_25pct
0.0776282406536472,0.5426689356657008,0.851141097487685,0.0051964659185847,0.1912511534741886,0.5264960850111857,0.453815586732625,0.0,196.681,18.407912402008,-1.0,wikipedia,distilgpt2,0.25,2,wikipedia_distilgpt2_25pct
0.069591791967455,0.5052308802308803,0.8244974418885711,0.0078600908772914,0.212318166037327,0.5081096196868009,0.4324872273132755,0.0,200.584,14.621796880000762,-1.0,wikipedia,distilgpt2,0.25,3,wikipedia_distilgpt2_25pct
0.0640528180864331,0.4747627479458051,0.8007618019314978,0.0104066919252484,0.2264112172398047,0.4992309843400447,0.4228367528991971,0.0,202.052,14.336850979207394,-1.0,wikipedia,distilgpt2,0.25,4,wikipedia_distilgpt2_25pct
0.0608007835687997,0.4439528316894686,0.7732473320276589,0.0124843031492435,0.2444458085408165,0.4855285234899328,0.4067796610169492,0.0,202.152,12.206674239939396,-1.0,wikipedia,distilgpt2,0.25,5,wikipedia_distilgpt2_25pct
0.0586399450003214,0.4181963684804382,0.744848463655755,0.0127869966478774,0.2567745687900321,0.4759507829977629,0.3970480901792231,0.0,202.183,8.754399522525803,-1.0,wikipedia,distilgpt2,0.25,6,wikipedia_distilgpt2_25pct
0.0562725634009842,0.3952000479096902,0.7141596071763543,0.0140579551245351,0.2676885830407588,0.4684703579418344,0.3891817370853945,0.0,201.377,11.095804206996444,-1.0,wikipedia,distilgpt2,0.25,7,wikipedia_distilgpt2_25pct
0.0547121808001507,0.3736200202355498,0.681762398753738,0.0183647862596719,0.279033261939078,0.4635766219239373,0.3835049874300543,0.0,201.637,10.914450558777569,-1.0,wikipedia,distilgpt2,0.25,8,wikipedia_distilgpt2_25pct
0.0548198796709612,0.3600268068357431,0.6571583672197397,0.0195700031508335,0.2845475455063214,0.4638562639821029,0.3837482767009975,0.0,200.949,8.486954636381652,-1.0,wikipedia,distilgpt2,0.25,9,wikipedia_distilgpt2_25pct
0.0535167283287584,0.3454341915880377,0.6294049101940772,0.0248524402652237,0.2905623024215756,0.4547678970917226,0.3735301273213851,0.0,201.096,8.402665291441757,-1.0,wikipedia,distilgpt2,0.25,10,wikipedia_distilgpt2_25pct
0.0312198667474258,0.3800462568472307,0.769531498470948,0.0280415651574725,0.1334647557001936,0.7561374795417348,0.6388660640920296,0.0,206.375,8.540865003031016,-1.0,creative_fiction,gpt2,1.0,0,creative_fiction_gpt2_100pct
0.0257607994071382,0.3587230669453052,0.7474210132509473,0.0262271194066598,0.1690536761406581,0.6418050035071312,0.4979457682826623,0.0,209.155,5.084582087054943,-1.0,creative_fiction,gpt2,1.0,1,creative_fiction_gpt2_100pct
0.0237673407989303,0.3445550730548691,0.7240230466960778,0.0255895184784121,0.19461896718547,0.5725976151508066,0.4215283483976992,0.0,209.405,7.664135632933436,-1.0,creative_fiction,gpt2,1.0,2,creative_fiction_gpt2_100pct
0.0224825069900591,0.3268673931875505,0.6932735727922824,0.0260983092182891,0.2168742331477284,0.5372924947393033,0.3820870994248151,0.0,209.941,4.602121141386872,-1.0,creative_fiction,gpt2,1.0,3,creative_fiction_gpt2_100pct
0.0212085539578974,0.3065783613717011,0.6574840848614913,0.0285980079222901,0.2327085911793702,0.5010521393500117,0.3471651602300739,0.0,209.821,4.86980071460835,-1.0,creative_fiction,gpt2,1.0,4,creative_fiction_gpt2_100pct
0.0205344089452304,0.2889721468594041,0.6234704719961152,0.0318825588070378,0.2476627468377614,0.4804769698386719,0.3274445357436318,0.0,209.989,4.878614454945174,-1.0,creative_fiction,gpt2,1.0,5,creative_fiction_gpt2_100pct
0.0196960955863772,0.2694443246765068,0.585451797224375,0.0339666076901218,0.2636779683554607,0.4540565817161562,0.304847986852917,0.0,209.737,5.486149013652473,-1.0,creative_fiction,gpt2,1.0,6,creative_fiction_gpt2_100pct
0.0185661975054354,0.2491712019009658,0.5462173142835137,0.0378586841277894,0.2777529219550574,0.4327799859714753,0.2880032867707477,0.0,209.736,5.264817565690192,-1.0,creative_fiction,gpt2,1.0,7,creative_fiction_gpt2_100pct
0.0175209354672567,0.22906963371859,0.5066781580417156,0.0423454347602859,0.2913074577508615,0.4093991115267711,0.2682826622843057,0.0,209.692,4.6233252102788525,-1.0,creative_fiction,gpt2,1.0,8,creative_fiction_gpt2_100pct
0.0170631187350464,0.209377204305203,0.464163279475793,0.0457316908830708,0.3046488911919029,0.4012158054711246,0.2629416598192276,0.0,209.399,5.2630598514552345,-1.0,creative_fiction,gpt2,1.0,9,creative_fiction_gpt2_100pct
0.0164208489214836,0.1900230555595666,0.4219840490619513,0.0557626782976441,0.3161047221638191,0.3871872808043021,0.2473294987674609,0.0,208.759,7.293210472761635,-1.0,creative_fiction,gpt2,1.0,10,creative_fiction_gpt2_100pct
0.0312316509198196,0.3792503157412238,0.7684064035908719,0.0264996691157822,0.1336940811148634,0.7512274959083469,0.6318816762530813,0.0,206.073,9.629624655198144,-1.0,creative_fiction,gpt2,0.75,0,creative_fiction_gpt2_75pct
0.0251525914358354,0.3575761344827256,0.7437968063526855,0.0276268750820607,0.1719538098838786,0.6502221183072247,0.5012325390304027,0.0,210.038,6.853215011948771,-1.0,creative_fiction,gpt2,0.75,1,creative_fiction_gpt2_75pct
0.0221828701840444,0.3380796293036598,0.7157538993972247,0.0284606173146068,0.1977957862662047,0.5938742108954875,0.4338537387017255,0.0,211.199,4.1923023507376,-1.0,creative_fiction,gpt2,0.75,2,creative_fiction_gpt2_75pct
0.0205564793890381,0.3180214873593968,0.6804526561984341,0.031109676737927,0.2225194204716159,0.5564648117839607,0.3985209531635168,0.0,211.077,5.951896420469697,-1.0,creative_fiction,gpt2,0.75,3,creative_fiction_gpt2_75pct
0.0197257363958803,0.2997684523469213,0.6445340175784616,0.0324945248563758,0.2427649295321433,0.5422024783726911,0.3861955628594905,0.001,210.892,8.063146780258934,-1.0,creative_fiction,gpt2,0.75,4,creative_fiction_gpt2_75pct
0.0187627593410245,0.2781806039211945,0.6081196376360063,0.0349408728925369,0.2659258137213726,0.5167173252279635,0.3557929334428923,0.0,210.63,5.600276778874416,-1.0,creative_fiction,gpt2,0.75,5,creative_fiction_gpt2_75pct
0.0181495496098851,0.2578674395912344,0.5698243343105955,0.0379521071390985,0.2863727959136004,0.5017535655833528,0.3459326211996713,0.0,209.041,5.48209075079937,-1.0,creative_fiction,gpt2,0.75,6,creative_fiction_gpt2_75pct
0.0169680915111378,0.2355232909860859,0.5272851063829788,0.0413822690759386,0.3076202143258973,0.4755669862052841,0.3163516844700082,0.0,207.625,6.668611174749957,-1.0,creative_fiction,gpt2,0.75,7,creative_fiction_gpt2_75pct
0.016297767230106,0.2154669781476614,0.4844378148383626,0.0462371876045575,0.3195967109181317,0.4568622866495206,0.2986852917009038,0.002,206.47,5.793194282949605,-1.0,creative_fiction,gpt2,0.75,8,creative_fiction_gpt2_75pct
0.0154728577640328,0.1940387174061399,0.4376088533212289,0.0533405948403873,0.3363853185840598,0.4402618657937807,0.2736236647493837,0.001,204.681,6.137852963374082,-1.0,creative_fiction,gpt2,0.75,9,creative_fiction_gpt2_75pct
0.0147921161011963,0.1753843121797398,0.3951178451178451,0.0622389075563151,0.3464251298014723,0.4217909749824643,0.2539030402629416,0.0,203.96,5.759027695713922,-1.0,creative_fiction,gpt2,0.75,10,creative_fiction_gpt2_75pct
0.0320383683732761,0.3823797700521456,0.7711210129262805,0.0265741265213093,0.1322131337685621,0.751461304652794,0.6302382908792111,0.002,206.003,9.558398976816148,-1.0,creative_fiction,gpt2,0.5,0,creative_fiction_gpt2_50pct
0.0259859705304893,0.3657418934707245,0.7518764073054791,0.0275124649570113,0.170196318173557,0.6714987140519055,0.5299917830731307,0.0,209.844,5.892,-1.0,creative_fiction,gpt2,0.5,1,creative_fiction_gpt2_50pct
0.0244104222137694,0.3504777374355054,0.7260272657450076,0.0286671052004392,0.1966086926530866,0.6420388122515782,0.495480690221857,0.0,210.32,4.703360500748374,-1.0,creative_fiction,gpt2,0.5,2,creative_fiction_gpt2_50pct
0.0231644681980137,0.3347345469779487,0.6939241160263279,0.0328265271590084,0.2200842312380069,0.6207622165068973,0.4687756778964667,0.0,211.056,4.875332193809977,-1.0,creative_fiction,gpt2,0.5,3,creative_fiction_gpt2_50pct
0.0230008669739765,0.317147358850718,0.6613576686324308,0.0320325499733454,0.2420818306805998,0.5959784895955109,0.4494658997534922,0.0,211.079,4.7365344926433295,-1.0,creative_fiction,gpt2,0.5,4,creative_fiction_gpt2_50pct
0.0221843732060594,0.3005972952488094,0.6314763458010624,0.0322875481502193,0.2612301793065793,0.5821837736731353,0.4330320460147904,0.0,210.779,4.867048284124578,-1.0,creative_fiction,gpt2,0.5,5,creative_fiction_gpt2_50pct
0.021117645939207,0.2797242249803974,0.5941025000480409,0.0388767362811397,0.2775634544030682,0.5606733691840075,0.4161873459326212,0.0,210.156,7.306823112680366,-1.0,creative_fiction,gpt2,0.5,6,creative_fiction_gpt2_50pct
0.0202924046119101,0.260332019586767,0.5533229329173167,0.0469837635553369,0.2920037774373658,0.5464110357727379,0.4022185702547247,0.0,210.325,5.095426871224824,-1.0,creative_fiction,gpt2,0.5,7,creative_fiction_gpt2_50pct
0.0187699547096694,0.2372960194114234,0.5087237456453548,0.0522644036390782,0.3048928533550045,0.5122749590834698,0.3566146261298274,0.0,209.537,6.120509047456755,-1.0,creative_fiction,gpt2,0.5,8,creative_fiction_gpt2_50pct
0.0184652140122621,0.216904640243726,0.4654098408300475,0.0592230053452021,0.3217665876900518,0.50830021042787,0.3492193919474117,0.0,208.446,4.860358422997217,-1.0,creative_fiction,gpt2,0.5,9,creative_fiction_gpt2_50pct
0.0173936004224777,0.1950215875925613,0.4187498485178991,0.0701209960984154,0.3364627473687964,0.4947393032499415,0.3422350041084634,0.0,208.295,4.907950183121259,-1.0,creative_fiction,gpt2,0.5,10,creative_fiction_gpt2_50pct
0.0315691330507116,0.3803122056907514,0.769321675681242,0.0269378801797574,0.1320662681750609,0.7605798456862287,0.6450287592440427,0.001,205.929,10.190385615863612,-1.0,creative_fiction,gpt2,0.25,0,creative_fiction_gpt2_25pct
0.0259246226854713,0.368572684446398,0.7530748624593139,0.0283563273401678,0.1676560647301422,0.6866962824409633,0.5493015612161052,0.0,210.302,7.326990923974179,-1.0,creative_fiction,gpt2,0.25,1,creative_fiction_gpt2_25pct
0.023670769726431,0.3524102407860536,0.7266600338655519,0.0318765748947789,0.192879015969194,0.6572363806406359,0.5168447000821693,0.0,211.062,7.987625178987807,-1.0,creative_fiction,gpt2,0.25,2,creative_fiction_gpt2_25pct
0.0231082511244661,0.3380440148868297,0.6994696073568131,0.0347644580449257,0.2147856768968495,0.6352583586626139,0.4930156121610518,0.0,211.656,5.634151577655682,-1.0,creative_fiction,gpt2,0.25,3,creative_fiction_gpt2_25pct
0.0220420548562217,0.3208393873710787,0.6685972764042792,0.0373638714997438,0.240525609414204,0.6212298339957915,0.4757600657354149,0.0,210.915,7.436785259774549,-1.0,creative_fiction,gpt2,0.25,4,creative_fiction_gpt2_25pct
0.0208400738442799,0.3036018205113495,0.6440971888630556,0.0394134216900301,0.2606911918061834,0.6055646481178396,0.4654889071487263,0.0,210.172,5.2088785741270645,-1.0,creative_fiction,gpt2,0.25,5,creative_fiction_gpt2_25pct
0.0214286056781729,0.2956738760702085,0.6250453878665524,0.0407120008881669,0.2723749525906063,0.5992518120177694,0.4502875924404272,0.0,208.553,7.771820314443715,-1.0,creative_fiction,gpt2,0.25,6,creative_fiction_gpt2_25pct
0.0203457287396005,0.2757233371076152,0.5860369411024232,0.0444773185499017,0.2886058970304607,0.5725976151508066,0.4239934264585045,0.0,208.545,4.996996597957617,-1.0,creative_fiction,gpt2,0.25,7,creative_fiction_gpt2_25pct
0.0204555192351205,0.2650699742162065,0.5617419878572227,0.0526163294431684,0.3024820370876099,0.5686228664952069,0.4223500410846343,0.0,207.719,6.3009554037463245,-1.0,creative_fiction,gpt2,0.25,8,creative_fiction_gpt2_25pct
0.0198708107638386,0.2477709107491098,0.5269720870828418,0.0595693203196944,0.3137984902655596,0.5531914893617021,0.3985209531635168,0.0,207.138,4.769796222062323,-1.0,creative_fiction,gpt2,0.25,9,creative_fiction_gpt2_25pct
0.019935498532519,0.2347522313511517,0.4976637681442458,0.067274707015857,0.318720347030774,0.5480476969838672,0.3907148726376335,0.0,206.817,5.14582461807629,-1.0,creative_fiction,gpt2,0.25,10,creative_fiction_gpt2_25pct
0.0290512783335749,0.3460978097226944,0.7445366258357328,0.0274517605669266,0.1319519133571161,0.6953472059855038,0.5554642563681184,0.0,206.91,10.461830623748408,-1.0,creative_fiction,distilgpt2,1.0,0,creative_fiction_distilgpt2_100pct
0.0224719101123595,0.3084208919045301,0.7006578001093137,0.0274644469007844,0.1652966021523805,0.5637128828618191,0.3985209531635168,0.0,210.574,5.803492396824519,-1.0,creative_fiction,distilgpt2,1.0,1,creative_fiction_distilgpt2_100pct
0.0191997196982968,0.2800176973468252,0.6566268803686407,0.0293788921685014,0.1899057374955198,0.5005845218611176,0.3340180772391126,0.0,211.201,5.587181668784361,-1.0,creative_fiction,distilgpt2,1.0,2,creative_fiction_distilgpt2_100pct
0.0173427130720225,0.2587114947404544,0.6143126014683276,0.0324518996344265,0.2086913137827792,0.4463408931494038,0.2851273623664749,0.0,210.809,6.7258099140549605,-1.0,creative_fiction,distilgpt2,1.0,3,creative_fiction_distilgpt2_100pct
0.015889263255664,0.2371406941144541,0.5728364821096243,0.0340696325205997,0.2274740643998668,0.4124386252045826,0.2539030402629416,0.0,211.023,6.726252374093615,-1.0,creative_fiction,distilgpt2,1.0,4,creative_fiction_distilgpt2_100pct
0.0156281954332948,0.2208199330023272,0.5333691857813033,0.037664541893216,0.2440365674647273,0.3951367781155015,0.2403451109285127,0.0,210.261,7.840209117109058,-1.0,creative_fiction,distilgpt2,1.0,5,creative_fiction_distilgpt2_100pct
0.0159260518039472,0.2032774899833095,0.4896497392497934,0.0462568142123539,0.2601219082077791,0.3719897124152443,0.2226787181594083,0.0,208.903,7.379132130542182,-1.0,creative_fiction,distilgpt2,1.0,6,creative_fiction_distilgpt2_100pct
0.0157065045102164,0.1842717453208104,0.4414628941676285,0.0593196162772397,0.2761417423455528,0.3453355155482815,0.1963845521774856,0.0,208.194,7.686375218527912,-1.0,creative_fiction,distilgpt2,1.0,7,creative_fiction_distilgpt2_100pct
0.0154327847624201,0.168793272545421,0.3986787794810745,0.0724911871395478,0.2908436708465031,0.3268646247369651,0.1848808545603944,0.0,206.962,7.053549177541757,-1.0,creative_fiction,distilgpt2,1.0,8,creative_fiction_distilgpt2_100pct
0.015064499458848,0.151740659814421,0.3575655530282889,0.0799445993824705,0.3037387851655014,0.3013794715922375,0.1680361544782251,0.0,205.118,9.387016352388017,-1.0,creative_fiction,distilgpt2,1.0,9,creative_fiction_distilgpt2_100pct
0.0147190774345069,0.1388153907554951,0.3211836417384243,0.093802940739523,0.3159395413786895,0.2892214168809913,0.1548890714872637,0.0,203.953,9.606913708366491,-1.0,creative_fiction,distilgpt2,1.0,10,creative_fiction_distilgpt2_100pct
0.0289848096879151,0.3440008899034648,0.7401246087751016,0.028124142293116,0.1309031714924002,0.6983867196633154,0.5534100246507806,0.0,207.764,8.813189207091835,-1.0,creative_fiction,distilgpt2,0.75,0,creative_fiction_distilgpt2_75pct
0.0226646262641624,0.3100813691408488,0.7035448334101029,0.0286843887989841,0.1650119362318968,0.5817161561842413,0.4231717337715694,0.0,210.416,10.50366336094222,-1.0,creative_fiction,distilgpt2,0.75,1,creative_fiction_distilgpt2_75pct
0.0198677690643975,0.2844263113596485,0.662350630921609,0.0291155289406526,0.1880624633698641,0.5321487023614683,0.3640098603122432,0.0,211.297,7.98516067465145,-1.0,creative_fiction,distilgpt2,0.75,2,creative_fiction_distilgpt2_75pct
0.0179475030796929,0.2614348281443397,0.6217497369176314,0.0307394320062995,0.2102721833578852,0.4851531447276128,0.3085456039441249,0.0,211.06,8.524106991351058,-1.0,creative_fiction,distilgpt2,0.75,3,creative_fiction_distilgpt2_75pct
0.0167885354903483,0.2421772397647462,0.5815802558855591,0.0328044044523851,0.2296369886468705,0.4561608604161796,0.2863599013968775,0.0,211.156,8.166129070740922,-1.0,creative_fiction,distilgpt2,0.75,4,creative_fiction_distilgpt2_75pct
0.0162226500630696,0.220775879320367,0.5316883539673877,0.0392526159869811,0.2506477335527655,0.4302080897825578,0.2637633525061627,0.0,210.878,7.751458959447569,-1.0,creative_fiction,distilgpt2,0.75,5,creative_fiction_distilgpt2_75pct
0.0163148021746705,0.2071193220241435,0.4936747902439964,0.0433063500248513,0.2680187571420547,0.4126724339490297,0.2432210353327855,0.0,209.503,10.872441814054469,-1.0,creative_fiction,distilgpt2,0.75,6,creative_fiction_distilgpt2_75pct
0.0163669107936126,0.1924333453975147,0.4540235180021821,0.0512405671606739,0.2841393534979569,0.3965396305821838,0.2271980279375513,0.001,208.225,11.210190676344448,-1.0,creative_fiction,distilgpt2,0.75,7,creative_fiction_distilgpt2_75pct
0.0161540655929523,0.1775523391685007,0.4135708740802945,0.0608844230604121,0.3038589326231523,0.3808744447042319,0.2202136400986031,0.0,206.821,13.430076656519873,-1.0,creative_fiction,distilgpt2,0.75,8,creative_fiction_distilgpt2_75pct
0.015324130785283,0.1606815317923293,0.3702753047125948,0.0741007846192567,0.3182939895958435,0.3764320785597381,0.2177485620377978,0.001,206.537,10.209928060471336,-1.0,creative_fiction,distilgpt2,0.75,9,creative_fiction_distilgpt2_75pct
0.0144709440337089,0.1451860740784101,0.3295702429913872,0.0905528612440779,0.3266322213340633,0.3640402151040449,0.2058340180772391,0.001,205.999,13.431641709039145,-1.0,creative_fiction,distilgpt2,0.75,10,creative_fiction_distilgpt2_75pct
0.0293102697261115,0.3495139020606272,0.745886216687763,0.0265132988464959,0.1301275644360016,0.7009586158522328,0.5554642563681184,0.0,206.617,11.463869809100242,-1.0,creative_fiction,distilgpt2,0.5,0,creative_fiction_distilgpt2_50pct
0.0227939045193417,0.3147370984144262,0.7085837918743494,0.028147515738821,0.1636295236677137,0.5980827682955343,0.4354971240755957,0.0,210.451,9.865677827701449,-1.0,creative_fiction,distilgpt2,0.5,1,creative_fiction_distilgpt2_50pct
0.0203547652956456,0.291122932622141,0.6717904380681248,0.0292671713541295,0.1882708407374052,0.546878653261632,0.3771569433032046,0.0,211.351,9.49746276644452,-1.0,creative_fiction,distilgpt2,0.5,2,creative_fiction_distilgpt2_50pct
0.0191074025147071,0.2723999961803268,0.6363784649926598,0.0310619267264602,0.2114205252813281,0.513911620294599,0.3405916187345932,0.0,210.442,12.092007112138164,-1.0,creative_fiction,distilgpt2,0.5,3,creative_fiction_distilgpt2_50pct
0.0183279222324837,0.2550439582516191,0.6002297392123501,0.0304289855471165,0.233812160430612,0.4900631283610007,0.3179950698438784,0.0,210.062,10.06986375280222,-1.0,creative_fiction,distilgpt2,0.5,4,creative_fiction_distilgpt2_50pct
0.0184171944920898,0.2432047294890187,0.5713387319923761,0.0338764712346063,0.2544880250231063,0.4788403086275427,0.3073130649137223,0.0,208.718,11.493236097809875,-1.0,creative_fiction,distilgpt2,0.5,5,creative_fiction_distilgpt2_50pct
0.0189339728464781,0.2312072450248756,0.5393850330039448,0.0374862236918296,0.268431099879707,0.4704231938274491,0.3011503697617091,0.0,206.824,13.605992209317186,-1.0,creative_fiction,distilgpt2,0.5,6,creative_fiction_distilgpt2_50pct
0.0197455540624049,0.2182617524421619,0.5005696058327638,0.0410103994310877,0.2891787321518634,0.4547580079494973,0.2875924404272802,0.0,203.894,14.58542985311026,-1.0,creative_fiction,distilgpt2,0.5,7,creative_fiction_distilgpt2_50pct
0.0197748481706413,0.2036867960105195,0.4607141076148207,0.0500247759816802,0.3023326816126266,0.436520925882628,0.2691043549712407,0.0,202.53,17.42340667033861,-1.0,creative_fiction,distilgpt2,0.5,8,creative_fiction_distilgpt2_50pct
0.0201088878594519,0.1915627487397187,0.4275220495378779,0.0553084093014777,0.3135501899902152,0.4320785597381342,0.2641741988496302,0.0,200.757,17.780099859112152,-1.0,creative_fiction,distilgpt2,0.5,9,creative_fiction_distilgpt2_50pct
0.020276567340873,0.1790486316802106,0.3940968423195338,0.0683260280504357,0.3232283399087421,0.4159457563712883,0.248151191454396,0.0,198.505,16.490541986241688,-1.0,creative_fiction,distilgpt2,0.5,10,creative_fiction_distilgpt2_50pct
0.0290501120469824,0.3495214893038785,0.7450550093632958,0.0272566889162975,0.1305826747490049,0.6965162497077391,0.5550534100246508,0.0,207.056,11.559708646847463,-1.0,creative_fiction,distilgpt2,0.25,0,creative_fiction_distilgpt2_25pct
0.0234018427998361,0.3205057013470689,0.7134604469499466,0.0298172843937134,0.1651944106233946,0.6095393967734394,0.4424815119145439,0.0,209.898,11.895948722149068,-1.0,creative_fiction,distilgpt2,0.25,1,creative_fiction_distilgpt2_25pct
0.0213544641157433,0.3011667941851568,0.6857438016528926,0.0301266858722104,0.1922684359527831,0.5838204348842647,0.4182415776499589,0.0,210.12,13.45271719765193,-1.0,creative_fiction,distilgpt2,0.25,2,creative_fiction_distilgpt2_25pct
0.0203855856027695,0.2862673508794626,0.6597466623657363,0.0305535671989969,0.216184316856438,0.5597381342062193,0.3907148726376335,0.0,209.707,12.483635327900284,-1.0,creative_fiction,distilgpt2,0.25,3,creative_fiction_distilgpt2_25pct
0.0198694186018702,0.2725302189219715,0.6357230821239708,0.0330998496196091,0.2406783957871273,0.5326163198503624,0.3504519309778143,0.0,209.065,11.670166022812186,-1.0,creative_fiction,distilgpt2,0.25,4,creative_fiction_distilgpt2_25pct
0.0196539293439077,0.2621202608065685,0.6065663673865567,0.0344478315234406,0.2548313794768446,0.5146130465279402,0.3475760065735415,0.001,208.05,11.521870507864598,-1.0,creative_fiction,distilgpt2,0.25,5,creative_fiction_distilgpt2_25pct
0.0196804534997718,0.2483686269154612,0.5748326324972309,0.0382110118685789,0.2709181233042425,0.5113397241056815,0.3389482333607231,0.0,206.042,13.938372788815771,-1.0,creative_fiction,distilgpt2,0.25,6,creative_fiction_distilgpt2_25pct
0.0201841325127924,0.2363556814047921,0.5417601201474177,0.0426902484216319,0.2865328458581161,0.4961421557166238,0.3221035332785538,0.0,204.418,14.65753308029697,-1.0,creative_fiction,distilgpt2,0.25,7,creative_fiction_distilgpt2_25pct
0.0211629442455953,0.2287701372501085,0.51833912463585,0.0463301969919806,0.2967694398005721,0.4879588496609773,0.30936729663106,0.0,201.437,16.40493922573321,-1.0,creative_fiction,distilgpt2,0.25,8,creative_fiction_distilgpt2_25pct
0.0216743713386203,0.2177937760333226,0.4890613049953709,0.0531777674776018,0.3038310278869391,0.4816460135609072,0.3064913722267872,0.0,200.744,15.255243819749326,-1.0,creative_fiction,distilgpt2,0.25,9,creative_fiction_distilgpt2_25pct
0.0235917846509084,0.214195557908023,0.4736807104417753,0.0565310014451043,0.3103880205795907,0.4715922375496844,0.2982744453574363,0.0,197.484,15.411935115357837,-1.0,creative_fiction,distilgpt2,0.25,10,creative_fiction_distilgpt2_25pct
0.0524169732138231,0.5231342117598041,0.8739280665933721,0.0064356225091659,0.1099594162974592,0.7359326539654408,0.6467150342603789,0.001,193.01,10.128074841745592,-1.0,technical_qa,gpt2,1.0,0,technical_qa_gpt2_100pct
0.0426108663579884,0.4802836486410213,0.8438126969554746,0.0072344655383408,0.1439325148858404,0.6489440259932063,0.5372833534864974,0.0,195.889,8.661678763380689,-1.0,technical_qa,gpt2,1.0,1,technical_qa_gpt2_100pct
0.0375314746606816,0.4422831129284401,0.8094236389413505,0.0090010691799249,0.1706840977319788,0.5882439816866046,0.4639258363563079,0.0,197.381,8.002614510271002,-1.0,technical_qa,gpt2,1.0,2,technical_qa_gpt2_100pct
0.0330542645047663,0.4060986310541238,0.7725518584413664,0.0152598956244386,0.1960206789039398,0.5409836065573771,0.4093107617896009,0.0,198.159,7.4935785176376175,-1.0,technical_qa,gpt2,1.0,3,technical_qa_gpt2_100pct
0.0301601643539667,0.3755384076830586,0.7351115961021677,0.0214678881630322,0.2195884544955495,0.50760596662236,0.3710197501007658,0.0,198.109,7.319092771648682,-1.0,technical_qa,gpt2,1.0,4,technical_qa_gpt2_100pct
0.0280689323582255,0.3410941831777602,0.6913106833346115,0.0255570325125517,0.2403683002471228,0.4760005907546891,0.3373639661426844,0.0,197.585,7.393698330335097,-1.0,technical_qa,gpt2,1.0,5,technical_qa_gpt2_100pct
0.0256743251675349,0.3086073535485384,0.6446856598145785,0.0286046364719187,0.2598962857953576,0.4476443656771525,0.3067311567916163,0.0,197.123,7.332657840101364,-1.0,technical_qa,gpt2,1.0,6,technical_qa_gpt2_100pct
0.0239443414671304,0.2785851006814179,0.5976092142728882,0.0326474711527785,0.2782896239014957,0.4277063949195097,0.2857718661829907,0.0,196.915,7.009691505337449,-1.0,technical_qa,gpt2,1.0,7,technical_qa_gpt2_100pct
0.0218840844869996,0.252656259577859,0.5566839867737364,0.0372668486579927,0.2936117158157128,0.4058484714222419,0.2650141072148327,0.0,196.764,6.737232666310405,-1.0,technical_qa,gpt2,1.0,8,technical_qa_gpt2_100pct
0.0202074619204204,0.2257469643796709,0.5078378919587798,0.0398025820649998,0.3088606198931169,0.3856151233200413,0.2432486900443369,0.0,196.759,6.322255847401306,-1.0,technical_qa,gpt2,1.0,9,technical_qa_gpt2_100pct
0.0185782905939461,0.2010268986129205,0.4596554291729786,0.0440214606744317,0.3225051449721197,0.3690739920248116,0.2285368802902055,0.0,196.735,6.30498017443354,-1.0,technical_qa,gpt2,1.0,10,technical_qa_gpt2_100pct
0.0527822071709422,0.5209709336020509,0.8750203383247519,0.004757261581044,0.1110863843051676,0.7266282676118742,0.6348246674727932,0.001,192.527,10.476510440027251,-1.0,technical_qa,gpt2,0.75,0,technical_qa_gpt2_75pct
0.0438020962284393,0.4887801236052926,0.851015260173449,0.0050983116773922,0.1443122819077096,0.6443656771525624,0.5296251511487303,0.0,193.872,9.286313369685518,-1.0,technical_qa,gpt2,0.75,1,technical_qa_gpt2_75pct
0.0383764404609475,0.455063063063063,0.8228771021992238,0.0076675116152663,0.1695612663006253,0.598729877418402,0.473800886739218,0.0,195.25,8.54690002281529,-1.0,technical_qa,gpt2,0.75,2,technical_qa_gpt2_75pct
0.0341450233003966,0.4204290385068722,0.7902685773743909,0.0108560135609909,0.1933673548246151,0.5621030866932506,0.4294639258363563,0.0,196.134,7.536049628286692,-1.0,technical_qa,gpt2,0.75,3,technical_qa_gpt2_75pct
0.032119279743291,0.3849662058056166,0.750887934416751,0.0138595735227862,0.2215375313742558,0.5384728991286368,0.402055622732769,0.0,195.708,7.02913479739861,-1.0,technical_qa,gpt2,0.75,4,technical_qa_gpt2_75pct
0.0287853264050404,0.345190777997739,0.7023841965355367,0.0194726246165383,0.2525223142958732,0.5073105892778024,0.3681983071342201,0.0,196.489,6.460485972432724,-1.0,technical_qa,gpt2,0.75,5,technical_qa_gpt2_75pct
0.0256377777214805,0.3036793725969495,0.6461085660174545,0.0232435851352432,0.2799128287418341,0.4739329493427854,0.3343409915356711,0.0,197.365,5.928555894988256,-1.0,technical_qa,gpt2,0.75,6,technical_qa_gpt2_75pct
0.023012826987173,0.2622221094305146,0.5778440975410672,0.0277399085603959,0.3111298197775154,0.4426229508196721,0.294236195082628,0.0,198.02,5.967880695858456,-1.0,technical_qa,gpt2,0.75,7,technical_qa_gpt2_75pct
0.0212062266588255,0.2300973473233274,0.5178597722276099,0.0363327368043607,0.3346515674104856,0.4237188007679811,0.2754937525191455,0.0,198.951,5.728751958323907,-1.0,technical_qa,gpt2,0.75,8,technical_qa_gpt2_75pct
0.0195740243070875,0.1986616141256147,0.4571735342976378,0.0417821628106457,0.3560105318320281,0.4027470093043863,0.2579604997984683,0.0,199.448,5.794419384200629,-1.0,technical_qa,gpt2,0.75,9,technical_qa_gpt2_75pct
0.0180515357575636,0.174514106267551,0.404798033443598,0.0561930453107335,0.3737274638391917,0.3798552651011667,0.2317613865376864,0.0,199.706,5.566108514932133,-1.0,technical_qa,gpt2,0.75,10,technical_qa_gpt2_75pct
0.0520412857076405,0.5192512507728035,0.8732981340185189,0.0049304806457183,0.1107399229691884,0.7337173238812583,0.6440951229343007,0.001,193.481,9.781392487780051,-1.0,technical_qa,gpt2,0.5,0,technical_qa_gpt2_50pct
0.0416543318259307,0.4856917125824689,0.853936118645641,0.0045275779259864,0.144913439565402,0.6535223748338502,0.5399032648125756,0.0,195.922,7.439886827096229,-1.0,technical_qa,gpt2,0.5,1,technical_qa_gpt2_50pct
0.0363809659004491,0.4518461522782629,0.8249387951609765,0.0055393219479962,0.1720694104703637,0.6092157731501994,0.4852881902458686,0.0,197.246,6.613885696018642,-1.0,technical_qa,gpt2,0.5,2,technical_qa_gpt2_50pct
0.0321277472389432,0.4135886636568393,0.787730055121867,0.0066538921895724,0.2024586116511609,0.5748043125092306,0.4457879887142281,0.0,199.018,5.925848124952242,-1.0,technical_qa,gpt2,0.5,3,technical_qa_gpt2_50pct
0.0294776529887689,0.3747725924958036,0.7395975391702276,0.0102874950175691,0.2317411004918745,0.5461527100871363,0.4125352680370818,0.0,199.982,7.433416172931528,-1.0,technical_qa,gpt2,0.5,4,technical_qa_gpt2_50pct
0.026789391420845,0.3318921883960405,0.6819705816022251,0.0125163523720615,0.260270222406728,0.5223748338502436,0.3833131801692865,0.0,201.535,5.09909550802885,-1.0,technical_qa,gpt2,0.5,5,technical_qa_gpt2_50pct
0.0246502463054187,0.2905544554455445,0.6195721393034825,0.0171409852353728,0.2897692990023588,0.4956431841677743,0.3520757758968158,0.0,203.0,5.339662910708878,-1.0,technical_qa,gpt2,0.5,6,technical_qa_gpt2_50pct
0.0228004700722318,0.2557060477435231,0.5609043913533592,0.0227184927967262,0.3127814439298748,0.4726037512922759,0.3276904474002418,0.0,203.373,5.06397778431146,-1.0,technical_qa,gpt2,0.5,7,technical_qa_gpt2_50pct
0.0210952869204315,0.2223854622184315,0.4995466638921506,0.0343114564796962,0.3349634960994992,0.4525180918623541,0.3061265618702136,0.0,203.837,5.061465301669073,-1.0,technical_qa,gpt2,0.5,8,technical_qa_gpt2_50pct
0.0192811177175854,0.1903759620349652,0.4400504089550026,0.0466205965033283,0.3588371526721527,0.4325801211047113,0.2841596130592503,0.0,204.345,4.755415334121722,-1.0,technical_qa,gpt2,0.5,9,technical_qa_gpt2_50pct
0.0184177091477716,0.1680318208603417,0.3904411764705882,0.0547158221671227,0.3757957161421421,0.4117560183133953,0.2638049173720274,0.0,204.64,4.912473918505827,-1.0,technical_qa,gpt2,0.5,10,technical_qa_gpt2_50pct
0.0526003528548455,0.5222315809298602,0.8751755220960625,0.0038203662798464,0.1096959420780911,0.7328311918475853,0.6428859330914953,0.001,192.147,10.651731831021657,-1.0,technical_qa,gpt2,0.25,0,technical_qa_gpt2_25pct
0.0432969011186833,0.4978208607987592,0.8607301546056906,0.0056124996828986,0.1417621918502731,0.6691773740954069,0.5626763401854091,0.0,194.425,9.171170863090492,-1.0,technical_qa,gpt2,0.25,1,technical_qa_gpt2_25pct
0.039728330582229,0.4740778409587063,0.8345458206620232,0.0060954547340193,0.1732813016298668,0.6344705361098804,0.5185409109230149,0.0,195.679,10.666206401528148,-1.0,technical_qa,gpt2,0.25,2,technical_qa_gpt2_25pct
0.0367380284263032,0.4390195388405221,0.7989398731743826,0.0084705991498857,0.2035658844333495,0.609511150494757,0.4875050382910117,0.0,197.071,7.837981819320583,-1.0,technical_qa,gpt2,0.25,3,technical_qa_gpt2_25pct
0.0337000792649793,0.3981101541637232,0.7489992094383991,0.0111939606267261,0.2327031302868235,0.5920838871658544,0.4651350261991133,0.0,200.593,7.76513689512297,-1.0,technical_qa,gpt2,0.25,4,technical_qa_gpt2_25pct
0.0303675526133781,0.3579237414358058,0.6960083823969664,0.0165372801678411,0.2621885083675612,0.5615123320041353,0.4280532043530834,0.0,202.42,6.898956442825249,-1.0,technical_qa,gpt2,0.25,5,technical_qa_gpt2_25pct
0.0294110445670856,0.32349945130383,0.6450701996449218,0.0207140220100594,0.2869027245073178,0.5581154925417221,0.4242241031841999,0.001,204.209,6.542577397325919,-1.0,technical_qa,gpt2,0.25,6,technical_qa_gpt2_25pct
0.0275995146695513,0.2906067446540757,0.5932949842781996,0.0326787934205433,0.3145170105561597,0.5367006350612908,0.3984280532043531,0.0,205.221,6.275839306419501,-1.0,technical_qa,gpt2,0.25,7,technical_qa_gpt2_25pct
0.0246464019550323,0.2521816241710802,0.5331110425632966,0.0459007868676877,0.3485794976897693,0.5034706837985526,0.3611446997178557,0.0,206.237,5.654275461984498,-1.0,technical_qa,gpt2,0.25,8,technical_qa_gpt2_25pct
0.0227173818435024,0.2189337324224254,0.4757033622718528,0.0606389534624187,0.3778781993132605,0.4799881849062177,0.336154776299879,0.0,206.802,5.500617783485778,-1.0,technical_qa,gpt2,0.25,9,technical_qa_gpt2_25pct
0.0211002114860646,0.1914478707211391,0.4213934213934214,0.070987670277907,0.3965219671498151,0.456210308669325,0.3069326884320838,0.0,206.633,5.29719841048077,-1.0,technical_qa,gpt2,0.25,10,technical_qa_gpt2_25pct
0.0503299315545719,0.4813792535222872,0.8454594393142573,0.0085950266369128,0.112348377894428,0.6798109584994831,0.575372833534865,0.0,195.192,10.40438061587522,-1.0,technical_qa,distilgpt2,1.0,0,technical_qa_distilgpt2_100pct
0.0397243574889934,0.4262193825372877,0.8052646576903897,0.0115609223631293,0.1536216205879917,0.5728843597696057,0.4459895203546957,0.003,198.518,12.515018018364977,-1.0,technical_qa,distilgpt2,1.0,1,technical_qa_distilgpt2_100pct
0.0346927504937982,0.3810283359917597,0.7585794475182545,0.01400636986405,0.1821236831154853,0.5118889381184463,0.3748488512696493,0.001,200.993,11.190484842043263,-1.0,technical_qa,distilgpt2,1.0,2,technical_qa_distilgpt2_100pct
0.0307642263600429,0.3414744078693201,0.7102260848788937,0.0157991296884593,0.2051774466512639,0.4650716290060552,0.3230552196694881,0.0,202.898,10.551663186436535,-1.0,technical_qa,distilgpt2,1.0,3,technical_qa_distilgpt2_100pct
0.0296458475102813,0.3133443016145177,0.661125332430252,0.0258398842846202,0.2239942334909586,0.4322847437601536,0.2914147521160822,0.0,202.794,10.679586321576318,-1.0,technical_qa,distilgpt2,1.0,4,technical_qa_distilgpt2_100pct
0.0292430187053099,0.2900402379021902,0.620269374243935,0.0312136296473615,0.2376387395101934,0.4046669620440112,0.2617896009673519,0.0,199.569,17.019554606393196,-1.0,technical_qa,distilgpt2,1.0,5,technical_qa_distilgpt2_100pct
0.028654816943014,0.2645883537199158,0.5759077762675142,0.0423815060005834,0.2524232578683014,0.3810367744793974,0.2412333736396614,0.0,197.698,19.54816605208785,-1.0,technical_qa,distilgpt2,1.0,6,technical_qa_distilgpt2_100pct
0.0285714285714285,0.2452649983038021,0.5339314288712258,0.050994530720096,0.2620548792065741,0.3625756904445429,0.2237001209189842,0.0,192.605,25.882445305650705,-1.0,technical_qa,distilgpt2,1.0,7,technical_qa_distilgpt2_100pct
0.0279834782333118,0.2274460244469696,0.4977792724982117,0.0561919604752254,0.2742083517681741,0.3510559740067936,0.213422007255139,0.0,189.326,28.48346404495071,-1.0,technical_qa,distilgpt2,1.0,8,technical_qa_distilgpt2_100pct
0.0273239359217431,0.2097366894150802,0.4600505653877142,0.0638455473667156,0.2859885112983341,0.3201890415005169,0.1844014510278113,0.0,181.965,31.87622585878071,-1.0,technical_qa,distilgpt2,1.0,9,technical_qa_distilgpt2_100pct
0.0274729055565112,0.1960205317492358,0.4268577063634781,0.0683246759002422,0.2946541488371381,0.3107369664746714,0.1783555018137847,0.0,174.39,37.154110136026674,-1.0,technical_qa,distilgpt2,1.0,10,technical_qa_distilgpt2_100pct
0.0500320258256257,0.4837166181658984,0.8459372006937433,0.0077402369054712,0.1129007987458823,0.684389307340127,0.5806126561870214,0.0,195.155,10.476973561100554,-1.0,technical_qa,distilgpt2,0.75,0,technical_qa_distilgpt2_75pct
0.039049159476607,0.4214356532811265,0.7987121706449769,0.011689507125089,0.1524730044855753,0.5851425195687491,0.4588875453446191,0.002,199.697,11.703896402480671,-1.0,technical_qa,distilgpt2,0.75,1,technical_qa_distilgpt2_75pct
0.03363363659687,0.3755825945538565,0.7488140559287237,0.0185841536900608,0.1808448110225969,0.529316201447349,0.3923821039903264,0.0,202.684,10.606797066032703,-1.0,technical_qa,distilgpt2,0.75,2,technical_qa_distilgpt2_75pct
0.0308596763640269,0.3425941373320641,0.7017426207359047,0.0239645819513225,0.2049067475411908,0.4990400236301875,0.3573155985489722,0.0,204.798,10.670576179382255,-1.0,technical_qa,distilgpt2,0.75,3,technical_qa_distilgpt2_75pct
0.0296247339314004,0.3087647845917939,0.6482868275638698,0.0311632116421471,0.2256951952664638,0.4739329493427854,0.3317210802095929,0.0,205.774,11.13215720334563,-1.0,technical_qa,distilgpt2,0.75,4,technical_qa_distilgpt2_75pct
0.0273575219867498,0.2814568247294245,0.6010572747545089,0.0420329379136595,0.2453260510353653,0.4451336582484123,0.3008867392180572,0.0,206.488,13.465951730197162,-1.0,technical_qa,distilgpt2,0.75,5,technical_qa_distilgpt2_75pct
0.0253971314933108,0.2542037059464697,0.5508044298405744,0.0518943021991922,0.266476725193474,0.4203219613055678,0.2773075372833535,0.0,207.425,11.302228762505209,-1.0,technical_qa,distilgpt2,0.75,6,technical_qa_distilgpt2_75pct
0.0250357239408334,0.2326529028252095,0.5064686269157275,0.0614232074170439,0.283192449528034,0.4080638015064244,0.2634018540910923,0.0,207.144,15.345398789213656,-1.0,technical_qa,distilgpt2,0.75,7,technical_qa_distilgpt2_75pct
0.0240415099636497,0.2129075247688484,0.4666839360511434,0.0687546287055791,0.2984875910404279,0.3912272928666371,0.2452640064490125,0.0,206.601,16.21554189658798,-1.0,technical_qa,distilgpt2,0.75,8,technical_qa_distilgpt2_75pct
0.0226635197616606,0.1929151843859956,0.4265935418335254,0.0777980524391156,0.3132536524494808,0.3766061143110323,0.235993550987505,0.0,206.764,14.601448695249386,-1.0,technical_qa,distilgpt2,0.75,9,technical_qa_distilgpt2_75pct
0.0209491813407476,0.1758517325676147,0.3894223270685487,0.0884251489324121,0.3234826716960138,0.3568158322256683,0.2154373236598145,0.0,207.168,11.03837741699386,-1.0,technical_qa,distilgpt2,0.75,10,technical_qa_distilgpt2_75pct
0.0494096331895161,0.4796719945263829,0.8468563036812196,0.0078794913658684,0.1119833921031081,0.6894107221976075,0.586658605401048,0.002,195.387,10.427330962427538,-1.0,technical_qa,distilgpt2,0.5,0,technical_qa_distilgpt2_50pct
0.0382632483428611,0.4258047947792196,0.8111300615918742,0.0094208668991218,0.1520514298286908,0.5926746418549698,0.4681580008061266,0.001,199.591,9.515131055324462,-1.0,technical_qa,distilgpt2,0.5,1,technical_qa_distilgpt2_50pct
0.0343134583467512,0.3903607259329333,0.774530260952238,0.0110823340918104,0.1781900744809474,0.5573770491803278,0.4258363563079403,0.0,201.845,7.770776988178209,-1.0,technical_qa,distilgpt2,0.5,2,technical_qa_distilgpt2_50pct
0.0303676888967371,0.3527022497387463,0.725518655755246,0.0160960437166403,0.2008023973793346,0.5226702111948014,0.3839177750906892,0.0,203.868,6.498505674383919,-1.0,technical_qa,distilgpt2,0.5,3,technical_qa_distilgpt2_50pct
0.0284118575073525,0.321076272679232,0.6757665755364554,0.0203989623071972,0.2202604318719745,0.504061438487668,0.3619508262797259,0.001,205.372,6.777139219464213,-1.0,technical_qa,distilgpt2,0.5,4,technical_qa_distilgpt2_50pct
0.0268644301403914,0.2946267597762648,0.6300206564149644,0.0274302117143978,0.2360888051228557,0.4894402599320632,0.3468359532446594,0.0,206.779,5.033503650540048,-1.0,technical_qa,distilgpt2,0.5,5,technical_qa_distilgpt2_50pct
0.0248791898500221,0.2690555415836412,0.5792509865671351,0.0331581422387294,0.2561362246550868,0.4596071481317383,0.3129786376461104,0.0,207.764,4.933589362725682,-1.0,technical_qa,distilgpt2,0.5,6,technical_qa_distilgpt2_50pct
0.0242290960424849,0.2447192442415879,0.5298988664901921,0.0439726199092415,0.2751437923209829,0.4476443656771525,0.3022974607013301,0.0,208.262,4.638680415807927,-1.0,technical_qa,distilgpt2,0.5,7,technical_qa_distilgpt2_50pct
0.0232098006540812,0.2265346400876317,0.4915313410689954,0.0494714042585027,0.286313042172126,0.4386353566681436,0.2922208786779524,0.0,208.231,4.58537228586731,-1.0,technical_qa,distilgpt2,0.5,8,technical_qa_distilgpt2_50pct
0.0225166580994153,0.20854714057454,0.4514568993534054,0.0636817484542777,0.3006999251183639,0.4206173386501255,0.2678355501813785,0.0,208.157,4.18716503137863,-1.0,technical_qa,distilgpt2,0.5,9,technical_qa_distilgpt2_50pct
0.0210811668180703,0.1911201479814347,0.4136362974574503,0.075493033716959,0.3135939834534336,0.4071776694727514,0.2589681580008061,0.0,208.053,4.140554431474124,-1.0,technical_qa,distilgpt2,0.5,10,technical_qa_distilgpt2_50pct
0.0516024039922338,0.4898409230912582,0.850190189252616,0.008103159400383,0.1126629657525126,0.6901491655590016,0.5880693268843208,0.003,194.177,10.820520828499893,-1.0,technical_qa,distilgpt2,0.25,0,technical_qa_distilgpt2_25pct
0.0411855060055901,0.4419001341330701,0.8246890341617277,0.0083814664587476,0.1479335724480828,0.6080342637719687,0.4864973800886739,0.001,198.565,9.43789038927662,-1.0,technical_qa,distilgpt2,0.25,1,technical_qa_distilgpt2_25pct
0.0358093032310234,0.411640471759164,0.8001754571718119,0.0089291133473595,0.1741374399217498,0.5773150199379707,0.4474002418379685,0.0,200.339,7.105355656123063,-1.0,technical_qa,distilgpt2,0.25,2,technical_qa_distilgpt2_25pct
0.0331799659514485,0.3796445477536076,0.7659980849922547,0.0089897793627641,0.2003512549222516,0.5548663417515877,0.4214026602176541,0.001,201.477,4.886048608026735,-1.0,technical_qa,distilgpt2,0.25,3,technical_qa_distilgpt2_25pct
0.0319002007114326,0.357617183599289,0.7321561189056823,0.0116170389588225,0.2224289274777458,0.5380298331118003,0.4018540910923014,0.001,201.284,4.119629109519448,-1.0,technical_qa,distilgpt2,0.25,4,technical_qa_distilgpt2_25pct
0.0310495329381846,0.3404622456073663,0.701795040641007,0.0119589098829232,0.2370244716322266,0.5346329936493871,0.3996372430471584,0.002,200.937,4.207021630560034,-1.0,technical_qa,distilgpt2,0.25,5,technical_qa_distilgpt2_25pct
0.0296982786570432,0.3217015986324649,0.6664651380722783,0.0158069942496074,0.2527744065630394,0.5146950228917442,0.3760580411124546,0.005,200.483,4.568118978310438,-1.0,technical_qa,distilgpt2,0.25,6,technical_qa_distilgpt2_25pct
0.0296972614141171,0.3034024369349848,0.6343303991977554,0.0174301898332601,0.2713938682643168,0.5014030423866489,0.3593309149536477,0.002,199.446,4.082044095793185,-1.0,technical_qa,distilgpt2,0.25,7,technical_qa_distilgpt2_25pct
0.0292236939110199,0.2880041130483434,0.6016120125840329,0.0225098977962297,0.2826782172621789,0.495938561512332,0.3555018137847642,0.003,199.393,4.104942265123835,-1.0,technical_qa,distilgpt2,0.25,8,technical_qa_distilgpt2_25pct
0.0276622118728702,0.2711577163436077,0.5684701993805161,0.0300731121855365,0.2964831341094294,0.4847142224191405,0.3395808141878275,0.0,199.261,3.843550311886134,-1.0,technical_qa,distilgpt2,0.25,9,technical_qa_distilgpt2_25pct
0.0273082055542966,0.259447832578384,0.5405498893608363,0.0368067256661808,0.3025847149843861,0.4854526657805346,0.341596130592503,0.0,198.585,3.730787450391673,-1.0,technical_qa,distilgpt2,0.25,10,technical_qa_distilgpt2_25pct
